,Location,Count
0,,249
1,"Bangkok, Thailand",39
2,Thailand,29
3,"‡∏Å‡∏£‡∏∏‡∏á‡πÄ‡∏ó‡∏û‡∏°‡∏´‡∏≤‡∏ô‡∏Ñ‡∏£, ‡∏õ‡∏£‡∏∞‡πÄ‡∏ó‡∏®‡πÑ‡∏ó‡∏¢",16
4,‡∏õ‡∏£‡∏∞‡πÄ‡∏ó‡∏®‡πÑ‡∏ó‡∏¢,15
5,Bangkok,6
6,Japan,4
7,"Hat Yai, Thailand",2
8,"Nonthaburi, Thailand",2
9,"Khon Kaen, Thailand",2
10,"Bang Khen, Bangkok",2
11,Êó•Êú¨ Êù±‰∫¨,2
12,"Bangkok,Thailand",2
13,"Changwat Si Sa Ket, Thailand",2
14,"Chiang Mai, Thailand",2
15,Bangkok Thailand,1
16,‡∏≠.‡∏ä‡∏∞‡∏≠‡πç‡∏≤ ‡∏ï.‡∏ä‡∏∞‡∏≠‡πç‡∏≤ ‡∏à.‡πÄ‡∏û‡∏ä‡∏£‡∏ö‡∏∏‡∏£‡∏µ,1
17,"Indonesia,Jawa Timur,Gresik.",1
18,Hell,1
19,On top of the world,1
20,"Maha Sarakham, Thailand",1
21,"Chanthaburi, Thailand",1
22,"‡∏≠.‡∏ö‡∏≤‡∏á‡∏ö‡∏±‡∏ß‡∏ó‡∏≠‡∏á, ‡∏à.‡∏ô‡∏ô‡∏ó‡∏ö‡∏∏‡∏£‡∏µ",1
23,"8894 Ïπ¥Ïù¥Ìõà , 6104 Ï∞¨Î∞± , 0412 Î∞±ÎèÑ",1
24,52Hz,1
25,Void Gap,1
26,"Bang Kho Laem, Bangkok",1
27,Ronderland,1
28,On Earth,1
29,"18.620519,99.047653",1
30,"Bang Mot 2, Thailand",1
31,"Songkhla, Thailand",1
32,"Stamford Bridge, England",1
33,Chonburi thailand,1
34,"‡∏à.‡∏ô‡∏Ñ‡∏£‡∏£‡∏≤‡∏ä‡∏™‡∏µ‡∏°‡∏≤, ‡∏õ‡∏£‡∏∞‡πÄ‡∏ó‡∏®‡πÑ‡∏ó‡∏¢",1
35,„Ç¢„Ç§„Éâ„É´„Ç¢„Ç´„Éá„Éü„Éº,1
36,"‡∏ö‡∏≤‡∏á‡∏Å‡∏≠‡∏Å‡∏ô‡πâ‡∏≠‡∏¢, ‡∏Å‡∏£‡∏∏‡∏á‡πÄ‡∏ó‡∏û‡∏°‡∏´‡∏≤‡∏ô‡∏Ñ‡∏£",1
37,Amphoe Pak Kret,1
38,"√úT: 13.804735,100.53698",1
39,"‡∏≠.‡πÄ‡∏°‡∏∑‡∏≠‡∏á‡πÄ‡∏ä‡∏µ‡∏¢‡∏á‡πÉ‡∏´‡∏°‡πà, ‡∏à.‡πÄ‡∏ä‡∏µ‡∏¢‡∏á‡πÉ‡∏´‡∏°‡πà",1
40,"‡∏û‡∏£‡∏∞‡∏ô‡∏Ñ‡∏£‡∏®‡∏£‡∏µ‡∏≠‡∏¢‡∏∏‡∏ò‡∏¢‡∏≤, ‡∏õ‡∏£‡∏∞‡πÄ‡∏ó‡∏®‡πÑ‡∏ó‡∏¢",1
41,Sweat 16 üíï,1
42,"Changwat Chiang Rai, Thailand",1
43,"Chiangmai,Thailand",1
44,"Samut Prakan, Thailand",1
45,"‡∏≠.‡∏™‡∏µ‡∏Ñ‡∏¥‡πâ‡∏ß, ‡∏à.‡∏ô‡∏Ñ‡∏£‡∏£‡∏≤‡∏ä‡∏™‡∏µ‡∏°‡∏≤",1
46,"‡∏≠.‡πÄ‡∏°‡∏∑‡∏≠‡∏á‡∏•‡∏≥‡∏û‡∏π‡∏ô, ‡∏à.‡∏û‡∏±‡∏á‡∏á‡∏≤",1
47,"Taling Chan, Bangkok",1
48,Out of Galaxy,1
49,Amphoe Mueang Rayong,1
50,‡∏´‡∏ô‡πâ‡∏≤‡∏ú‡∏≤‡∏Å‡∏°‡∏¥‡∏ß‡πÜ,1
51,BKK,1
52,‡πÑ‡∏ó‡∏¢‡πÅ‡∏•‡∏ô‡∏î‡πå ‡∏õ‡∏π‡πâ‡∏ô ‡∏õ‡∏π‡πâ‡∏ô !!!,1
53,"‡∏≠.‡∏Å‡∏±‡∏ô‡∏ó‡∏£‡∏ß‡∏¥‡∏ä‡∏±‡∏¢, ‡∏à.‡∏°‡∏´‡∏≤‡∏™‡∏≤‡∏£‡∏Ñ‡∏≤‡∏°",1
54,Amphoe Ban Rai,1
55,"Lat Phrao, Bangkok",1
56,"‡∏à.‡∏ä‡∏•‡∏ö‡∏∏‡∏£‡∏µ, ‡∏õ‡∏£‡∏∞‡πÄ‡∏ó‡∏®‡πÑ‡∏ó‡∏¢",1
57,"Depok, Jawa Barat",1
58,"‡∏≠.‡∏õ‡∏≤‡∏Å‡πÄ‡∏Å‡∏£‡πá‡∏î, ‡∏à.‡∏ô‡∏ô‡∏ó‡∏ö‡∏∏‡∏£‡∏µ",1
59,"Thung Khru, Bangkok",1
60,bangkok Thailand,1
61,"‡∏ô‡∏Ñ‡∏£‡∏£‡∏≤‡∏ä‡∏™‡∏µ‡∏°‡∏≤, ‡∏õ‡∏£‡∏∞‡πÄ‡∏ó‡∏®‡πÑ‡∏ó‡∏¢",1
62,‡∏ö‡∏£‡∏¥‡πÄ‡∏ß‡∏ì‡∏î‡∏ß‡∏á‡∏≠‡∏≤‡∏ó‡∏¥‡∏ï‡∏¢‡πå,1
63,‡∏ô‡∏±‡∏Å‡∏®‡∏∂‡∏Å‡∏©‡∏≤,1
64,"‡∏à.‡πÄ‡∏ä‡∏µ‡∏¢‡∏á‡πÉ‡∏´‡∏°‡πà, ‡∏õ‡∏£‡∏∞‡πÄ‡∏ó‡∏®‡πÑ‡∏ó‡∏¢",1
65,Changwat Chachoengsao,1
66,"BKK, Thailand, Earth Planet",1
67,My House,1
68,‡πÅ‡∏•‡πá‡∏ö‡∏ß‡∏¥‡∏à‡∏±‡∏¢‡∏™‡∏≤‡∏´‡∏£‡πà‡∏≤‡∏¢‡πÅ‡∏™‡∏ô‡∏ô‡πà‡∏≤‡∏£‡∏±‡∏Å,1
69,Peru,1
70,"BKK, Thailand",1
71,Diagon Alley,1
72,„Ç∏„É≥„Åè„Çì„Å†„Åë,1
73,South of Korea,1
74,"‡∏≠.‡πÄ‡∏°‡∏∑‡∏≠‡∏á‡∏°‡∏´‡∏≤‡∏™‡∏≤‡∏£‡∏Ñ‡∏≤‡∏°, ‡∏à.‡∏°‡∏´‡∏≤‡∏™‡∏≤‡∏£‡∏Ñ‡∏≤‡∏°",1
75,"Lam Luk Ka, Pathumtani",1
76,dp: sun zhenni (snh48),1
77,N O W,1
78,Mountain,1
79,"Ju√°rez, Chihuahua",1
80,"Lat Krabang, Bangkok",1
81,‡∏ö‡πâ‡∏≤‡∏ô,1
82,Amphoe Sam Phran,1
83,‡∏à‡∏∞‡∏ï‡∏¥‡πà‡∏á‡πÉ‡∏Ñ‡∏£‡∏Å‡πâ‡πÄ‡∏£‡∏∑‡πà‡∏≠‡∏á‡∏Ç‡∏≠‡∏á‡∏Ç‡πâ‡∏≤‡πÄ‡∏à‡πâ‡∏≤‡∏Ñ‡∏∞,1
84,Void,1
85,w=mg,1
86,"Tokyo-to, Japan",1
87,"Suanluang Bkk, Thailand",1
88,Amphoe Thung Song,1
89,"Des Moines, IOWA",1
90,"Thailand, Bangkok",1
91,‡∏Å‡∏£‡∏∏‡∏á‡πÄ‡∏ó‡∏û‡∏°‡∏´‡∏≤‡∏ô‡∏Ñ‡∏£ ‡πÑ‡∏ó‡∏¢,1
92,‡πÑ‡∏°‡πà‡πÉ‡∏´‡πâ‡πÄ‡∏™‡∏∑‡∏≠‡∏Å,1
93,"Phang-nga, Thailand",1
94,"‡πÄ‡∏°‡∏∑‡∏≠‡∏á‡∏û‡∏±‡∏ó‡∏¢‡∏≤, ‡∏õ‡∏£‡∏∞‡πÄ‡∏ó‡∏®‡πÑ‡∏ó‡∏¢",1
95,Ëó§Ê±ü„ÉÅ„Éº„É† M,1
96,"Changwat Chanthaburi, Thailand",1
97,Wonder Loop,1
98,"Ratchathewi, Bangkok",1
99,Penguin Village,1
100,"Phrae, Thailand",1
101,"Bang Sue, Bangkok",1
102,"Manchester, England",1
103,"Nakhon Ratchasima, Thailand",1
104,‡πÉ‡∏ô‡∏ö‡πà‡∏≠‡∏ô‡πâ‡∏≥ ‡πÄ‡∏•‡∏µ‡πâ‡∏¢‡∏ß‡∏Ç‡∏ß‡∏≤ ‡∏£‡∏∞‡∏ß‡∏±‡∏á‡∏õ‡πâ‡∏≠‡∏°,1
105,‡∏≠‡∏¢‡∏π‡πà‡πÉ‡∏ô‡∏ó‡∏µ‡πà‡∏ó‡∏µ‡πà‡πÑ‡∏°‡πà‡∏°‡∏µ‡πÄ‡∏á‡∏¥‡∏ô,1
106,#LISMONME ,1
107,‡∏Ñ‡∏≤‡∏°‡∏¥‡∏ã‡∏±‡∏ó‡∏à‡∏±‡∏á‡∏û‡∏≤‡∏î‡πâ‡∏≤üíì,1
108,‡∏û‡∏∑‡πâ‡∏ô‡∏ó‡∏µ‡πà‡∏ó‡∏µ‡πà‡∏à‡∏ô‡∏ó‡∏µ‡πà‡∏™‡∏∏‡∏î‡πÉ‡∏ô‡∏à‡∏±‡∏Å‡∏£‡∏ß‡∏≤‡∏•,1
109,‡∏ó‡∏µ‡πâ‡πÑ‡∏´‡∏ô‡∏ã‡∏±‡∏Å‡πÅ‡∏´‡πà‡∏á‡∏ö‡∏ô‡πÇ‡∏•‡∏Å‡πÉ‡∏ö‡∏ô‡∏µ‡πâ,1
110,"‡∏•‡∏±‡πâ‡∏ô‡∏î‡∏±‡πâ‡∏ô,‡∏ö‡∏£‡∏¥‡∏ä‡∏ï‡∏¥‡∏™",1
111,"√úT: 13.89199,100.6206",1
112,home,1
113,"Bang Khae, Bangkok",1
114,‡∏ï‡∏¥‡πà‡∏á‡πÄ‡∏¢‡∏≠‡∏∞‡πÄ‡∏Å‡∏¥‡∏ô‡πÑ‡∏ö‡πÇ‡∏≠‡πÄ‡∏Ç‡∏µ‡∏¢‡∏ô‡πÑ‡∏°‡πà‡∏û‡∏≠‡∏≠‡∏≠,1
115,Jauh~,1
116,Amphoe Mueang Chon Buri,1
117,‡∏Å‡∏ß‡πâ‡∏≤‡∏á x ‡∏¢‡∏≤‡∏ß x ‡∏™‡∏π‡∏á,1
118,"Nakhon Si Thammarat, Thailand",1
119,‡∏õ‡∏£‡∏∞‡πÄ‡∏ó‡∏®‡πÑ‡∏ó‡∏¢ ,1
120,upcoming 2021,1
121,"in a galaxy far, far away...",1
122,"‡∏≠.‡πÄ‡∏°‡∏∑‡∏≠‡∏á‡∏£‡∏≤‡∏ä‡∏ö‡∏∏‡∏£‡∏µ, ‡∏à.‡∏£‡∏≤‡∏ä‡∏ö‡∏∏‡∏£‡∏µ",1
123,‡πÑ‡∏°‡πà‡∏ö‡∏≠‡∏Å,1
124,Cosplayer,1
125,‡∏≠.‡πÄ‡∏°‡∏∑‡∏≠‡∏á‡∏ô‡∏Ñ‡∏£‡∏£‡∏≤‡∏ä‡∏™‡∏µ‡∏°‡∏≤‡∏à.‡∏ô‡∏Ñ‡∏£‡∏£‡∏≤‡∏ä‡∏™‡∏µ‡∏°‡∏≤,1
126,"Rayong, Thailand",1
127,wordpress : todiary,1
128,„ÇÇ„Åø„ÅòÈ•ÖÈ†≠„ÅÆ„Åæ„Å°„Å®ÂæÆÁ¨ë„Åø„ÅÆ„Åè„Å´,1
129,‡πÉ‡∏ô‡πÉ‡∏à‡πÇ‡∏à‡∏ßüíì,1
130,btobtwicebnk48got7tenmarveltmr,1
131,"‡∏à‡∏ï‡∏∏‡∏à‡∏±‡∏Å‡∏£, ‡∏Å‡∏£‡∏∏‡∏á‡πÄ‡∏ó‡∏û‡∏°‡∏´‡∏≤‡∏ô‡∏Ñ‡∏£",1
132,Chiangmai,1
133,"‡∏≠.‡πÄ‡∏°‡∏∑‡∏≠‡∏á‡∏ô‡∏Ñ‡∏£‡∏£‡∏≤‡∏ä‡∏™‡∏µ‡∏°‡∏≤, ‡∏à.‡∏ô‡∏Ñ‡∏£‡∏£‡∏≤‡∏ä‡∏™‡∏µ‡∏°",1
134,"14.469009,100.116297",1
135,‡∏ö‡∏ô‡πÇ‡∏•‡∏Å,1
136,"‡∏≠.‡∏õ‡∏≤‡∏Å‡∏ä‡πà‡∏≠‡∏á, ‡∏à.‡∏ô‡∏Ñ‡∏£‡∏£‡∏≤‡∏ä‡∏™‡∏µ‡∏°‡∏≤",1
137,"‡∏≠.‡πÄ‡∏™‡∏¥‡∏á‡∏™‡∏≤‡∏á, ‡∏à.‡∏ô‡∏Ñ‡∏£‡∏£‡∏≤‡∏ä‡∏™‡∏µ‡∏°‡∏≤",1
138,‡∏Å‡∏£‡∏∏‡∏á‡πÄ‡∏°‡∏û‡∏°‡∏´‡∏≤‡∏ô‡∏Ñ‡∏£,1
139,"Phuket Province, Thailand",1
140,‡πÄ‡∏ö‡∏•‡∏ü‡∏≤‡∏™‡∏ï‡πå,1
